{
	"description": "项目配置文件。",
	"setting": {
		"urlCheck": true,
		"es6": true,
		"postcss": true,
		"minified": true,
		"newFeature": true
	},
	"compileType": "miniprogram",
	"libVersion": "1.6.6",
	"appid": "touristappid",
	"projectname": "tgg",
	"condition": {
		"search": {
			"current": -1,
			"list": [
				{
					"name": "test",
					"pathName": "",
					"title": "",
					"cacheKey": ""
				}
			]
		},
		"conversation": {
			"current": 0,
			"list": [
				{
					"name": "test",
					"query": "",
					"boxQI": "",
					"service": {}
				}
			]
		},
		"plugin": {
			"current": -1,
			"list": []
		},
		"game": {
			"list": []
		},
		"miniprogram": {
			"current": -1,
			"list": [
				{
					"id": -1,
					"name": "精选",
					"pathName": "pages/choiceness/index",
					"query": ""
				},
				{
					"id": -1,
					"name": "发现",
					"pathName": "pages/finder/index",
					"query": ""
				},
				{
					"id": -1,
					"name": "分类",
					"pathName": "pages/classification/index",
					"query": ""
				},
				{
					"id": -1,
					"name": "我的",
					"pathName": "pages/ucenter/index/index",
					"query": ""
				},
				{
					"id": -1,
					"name": "购物车",
					"pathName": "pages/shop-cart/index",
					"query": ""
				}
			]
		}
	}
}