{
	"description": "项目配置文件。",
	"setting": {
		"urlCheck": false,
		"es6": true,
		"postcss": false,
		"minified": true,
		"newFeature": true,
		"autoAudits": false
	},
	"compileType": "miniprogram",
	"libVersion": "2.4.3",
	"appid": "wx3ef9a6d62e8b93ae",
	"projectname": "%E9%9D%A2%E9%A6%86%E9%A1%B9%E7%9B%AE",
	"scripts": {},
	"condition": {
		"search": {
			"current": -1,
			"list": []
		},
		"conversation": {
			"current": -1,
			"list": []
		},
		"plugin": {
			"current": -1,
			"list": []
		},
		"game": {
			"current": -1,
			"list": []
		},
		"miniprogram": {
			"current": 6,
			"list": [
				{
					"id": -1,
					"name": "home",
					"pathName": "pages/index/index",
					"query": "",
					"scene": null
				},
				{
					"id": -1,
					"name": "商品详情页面",
					"pathName": "pages/goods-details/index",
					"query": "id=134&inviter_id=456",
					"scene": 1011
				},
				{
					"id": -1,
					"name": "商品详情页面",
					"pathName": "pages/goods-details/index",
					"query": "id= 6761",
					"scene": null
				},
				{
					"id": -1,
					"name": "砍价详情页面",
					"pathName": "pages/goods-details/index",
					"query": "id=6765",
					"scene": null
				},
				{
					"id": -1,
					"name": "砍价详情页面",
					"pathName": "pages/goods-details/index",
					"query": "id=6765&kjJoinUid=701677",
					"scene": null
				},
				{
					"id": -1,
					"name": "拼团",
					"pathName": "pages/goods-details/index",
					"query": "id=6761",
					"scene": null
				},
				{
					"id": -1,
					"name": "面馆商品详情",
					"pathName": "pages/goods-details/index",
					"query": "id=125930",
					"scene": null
				}
			]
		}
	}
}