{
	"description": "项目配置文件。",
	"setting": {
		"urlCheck": true,
		"es6": true,
		"postcss": true,
		"minified": true,
		"newFeature": true
	},
	"compileType": "miniprogram",
	"libVersion": "2.4.0",
	"appid": "wx39075d0bde24f9f7",
	"projectname": "%22%E5%AE%88%E6%9C%9B%E8%BD%A9%22%E7%BD%91%E7%AB%99%E5%B0%8F%E7%A8%8B%E5%BA%8F",
	"condition": {
		"search": {
			"current": -1,
			"list": [
				{
					"name": "test",
					"pathName": "",
					"title": "",
					"cacheKey": ""
				}
			]
		},
		"conversation": {
			"current": 0,
			"list": [
				{
					"name": "test",
					"query": "",
					"boxQI": "",
					"service": {}
				}
			]
		},
		"miniprogram": {
			"current": -1,
			"list": [
				{
					"name": "test",
					"pathName": "COMPONENT/music",
					"query": "a=哈哈",
					"scene": 1044,
					"shareInfo": {},
					"referrerInfo": {}
				}
			]
		}
	}
}